asset_id,project_id,timestamp,vibration_mm_s,temperature_c,strain_microstrain,tilt_deg
AST-PS-PW-3308,PS-PW-3308,2026-07-29 06:00:00,2.558,32.11,515.09,0.668
AST-PS-PW-3308,PS-PW-3308,2026-07-30 06:00:00,2.48,29.78,500.32,0.709
AST-PS-PW-3308,PS-PW-3308,2026-07-31 06:00:00,3.135,34.34,512.34,0.644
AST-PS-PW-3308,PS-PW-3308,2026-08-01 06:00:00,2.972,37.75,517.66,0.782
AST-PS-PW-3308,PS-PW-3308,2026-08-02 06:00:00,2.792,35.35,482.3,0.822
AST-PS-PW-3308,PS-PW-3308,2026-08-03 06:00:00,2.283,34.57,532.62,0.766
AST-PS-PW-3308,PS-PW-3308,2026-08-04 06:00:00,2.423,35.3,460.91,0.802
AST-PS-PW-3308,PS-PW-3308,2026-08-05 06:00:00,2.909,34.39,519.93,0.71
AST-PS-PW-3308,PS-PW-3308,2026-08-06 06:00:00,2.714,35.48,491.91,0.767
AST-PS-PW-3308,PS-PW-3308,2026-08-07 06:00:00,2.642,35.54,493.9,0.774
AST-PS-PW-3308,PS-PW-3308,2026-08-08 06:00:00,2.623,35.92,498.85,0.792
AST-PS-PW-3308,PS-PW-3308,2026-08-09 06:00:00,2.864,35.39,497.56,0.788
AST-PS-PW-3308,PS-PW-3308,2026-08-10 06:00:00,2.839,34.39,461.11,0.853
AST-PS-PW-3308,PS-PW-3308,2026-08-11 06:00:00,2.755,34.41,493.5,0.802
AST-PS-PW-3308,PS-PW-3308,2026-08-12 06:00:00,2.396,33.98,466.26,0.828
AST-PS-PW-3308,PS-PW-3308,2026-08-13 06:00:00,2.84,33.54,498.07,0.884
AST-PS-PW-3308,PS-PW-3308,2026-08-14 06:00:00,2.838,34.05,531.39,0.887
AST-PS-PW-3308,PS-PW-3308,2026-08-15 06:00:00,2.469,35.33,434.02,0.837
AST-PS-PW-3308,PS-PW-3308,2026-08-16 06:00:00,2.846,36.07,552.46,0.848
AST-PS-PW-3308,PS-PW-3308,2026-08-17 06:00:00,2.625,36.64,551.65,0.755
AST-PS-PW-3308,PS-PW-3308,2026-08-18 06:00:00,2.891,36.64,513.68,0.856
AST-PS-PW-3308,PS-PW-3308,2026-08-19 06:00:00,2.575,35.28,543.57,0.9
AST-PS-PW-3308,PS-PW-3308,2026-08-20 06:00:00,2.677,34.89,520.62,0.793
AST-PS-PW-3308,PS-PW-3308,2026-08-21 06:00:00,2.915,32.23,503.37,0.767
AST-PS-PW-3308,PS-PW-3308,2026-08-22 06:00:00,2.847,34.56,537.25,0.932
AST-PS-PW-3308,PS-PW-3308,2026-08-23 06:00:00,2.816,34.99,501.13,0.878
AST-PS-PW-3308,PS-PW-3308,2026-08-24 06:00:00,2.803,31.82,499.5,0.96
AST-PS-PW-3308,PS-PW-3308,2026-08-25 06:00:00,2.782,33.05,501.48,1.005
AST-PS-PW-3308,PS-PW-3308,2026-08-26 06:00:00,2.982,35.14,546.46,0.849
AST-PS-PW-3308,PS-PW-3308,2026-08-27 06:00:00,3.079,34.18,520.89,0.902
AST-PS-RL-2340,PS-RL-2340,2026-07-29 06:00:00,3.907,43.06,712.45,1.469
AST-PS-RL-2340,PS-RL-2340,2026-07-30 06:00:00,3.462,43.65,764.32,1.272
AST-PS-RL-2340,PS-RL-2340,2026-07-31 06:00:00,3.572,42.42,727.38,1.355
AST-PS-RL-2340,PS-RL-2340,2026-08-01 06:00:00,3.852,41.89,760.99,1.336
AST-PS-RL-2340,PS-RL-2340,2026-08-02 06:00:00,3.505,44.04,729.4,1.26
AST-PS-RL-2340,PS-RL-2340,2026-08-03 06:00:00,4.007,44.23,691.99,1.389
AST-PS-RL-2340,PS-RL-2340,2026-08-04 06:00:00,4.047,44.62,828.95,1.409
AST-PS-RL-2340,PS-RL-2340,2026-08-05 06:00:00,4.009,41.68,739.19,1.478
AST-PS-RL-2340,PS-RL-2340,2026-08-06 06:00:00,3.696,39.83,742.77,1.431
AST-PS-RL-2340,PS-RL-2340,2026-08-07 06:00:00,3.532,39.66,717.53,1.489
AST-PS-RL-2340,PS-RL-2340,2026-08-08 06:00:00,4.297,46.43,772.81,1.458
AST-PS-RL-2340,PS-RL-2340,2026-08-09 06:00:00,3.855,43.76,744.49,1.447
AST-PS-RL-2340,PS-RL-2340,2026-08-10 06:00:00,4.299,45.37,787.18,1.503
AST-PS-RL-2340,PS-RL-2340,2026-08-11 06:00:00,4.121,42.41,712.69,1.49
AST-PS-RL-2340,PS-RL-2340,2026-08-12 06:00:00,3.842,45.46,848.25,1.472
AST-PS-RL-2340,PS-RL-2340,2026-08-13 06:00:00,4.482,42.13,887.71,1.432
AST-PS-RL-2340,PS-RL-2340,2026-08-14 06:00:00,3.961,47.85,773.68,1.467
AST-PS-RL-2340,PS-RL-2340,2026-08-15 06:00:00,4.08,44.67,830.16,1.472
AST-PS-RL-2340,PS-RL-2340,2026-08-16 06:00:00,4.123,43.54,778.29,1.536
AST-PS-RL-2340,PS-RL-2340,2026-08-17 06:00:00,4.229,42.86,804.19,1.424
AST-PS-RL-2340,PS-RL-2340,2026-08-18 06:00:00,4.134,43.21,773.93,1.325
AST-PS-RL-2340,PS-RL-2340,2026-08-19 06:00:00,3.94,44.79,832.54,1.536
AST-PS-RL-2340,PS-RL-2340,2026-08-20 06:00:00,4.13,42.65,786.94,1.549
AST-PS-RL-2340,PS-RL-2340,2026-08-21 06:00:00,4.598,46.76,820.73,1.726
AST-PS-RL-2340,PS-RL-2340,2026-08-22 06:00:00,4.186,45.84,798.94,1.591
AST-PS-RL-2340,PS-RL-2340,2026-08-23 06:00:00,4.518,43.68,776.44,1.588
AST-PS-RL-2340,PS-RL-2340,2026-08-24 06:00:00,4.062,44.43,781.33,1.573
AST-PS-RL-2340,PS-RL-2340,2026-08-25 06:00:00,3.821,44.45,851.4,1.688
AST-PS-RL-2340,PS-RL-2340,2026-08-26 06:00:00,4.318,41.66,892.89,1.542
AST-PS-RL-2340,PS-RL-2340,2026-08-27 06:00:00,4.124,47.72,810.93,1.68
AST-PS-WT-4471,PS-WT-4471,2026-07-29 06:00:00,5.203,54.32,1147.37,2.26
AST-PS-WT-4471,PS-WT-4471,2026-07-30 06:00:00,5.389,54.75,1163.19,2.544
AST-PS-WT-4471,PS-WT-4471,2026-07-31 06:00:00,6.44,56.44,1097.43,2.571
AST-PS-WT-4471,PS-WT-4471,2026-08-01 06:00:00,5.477,56.88,1229.78,2.269
AST-PS-WT-4471,PS-WT-4471,2026-08-02 06:00:00,5.885,54.44,1179.01,2.624
AST-PS-WT-4471,PS-WT-4471,2026-08-03 06:00:00,5.902,60.26,1174.23,2.424
AST-PS-WT-4471,PS-WT-4471,2026-08-04 06:00:00,5.327,56.02,1210.69,2.425
AST-PS-WT-4471,PS-WT-4471,2026-08-05 06:00:00,6.095,58.32,1316.3,2.607
AST-PS-WT-4471,PS-WT-4471,2026-08-06 06:00:00,5.71,59.31,1126.23,2.515
AST-PS-WT-4471,PS-WT-4471,2026-08-07 06:00:00,5.863,61.1,1258.16,2.478
AST-PS-WT-4471,PS-WT-4471,2026-08-08 06:00:00,6.583,58.43,1243.89,2.588
AST-PS-WT-4471,PS-WT-4471,2026-08-09 06:00:00,6.374,55.94,1209.07,2.547
AST-PS-WT-4471,PS-WT-4471,2026-08-10 06:00:00,6.453,61.87,1262.59,2.676
AST-PS-WT-4471,PS-WT-4471,2026-08-11 06:00:00,6.172,53.01,1198.02,2.529
AST-PS-WT-4471,PS-WT-4471,2026-08-12 06:00:00,6.218,60.02,1407.47,2.645
AST-PS-WT-4471,PS-WT-4471,2026-08-13 06:00:00,6.231,58.01,1264.33,2.715
AST-PS-WT-4471,PS-WT-4471,2026-08-14 06:00:00,6.446,59.0,1332.84,2.636
AST-PS-WT-4471,PS-WT-4471,2026-08-15 06:00:00,7.001,59.48,1378.04,2.865
AST-PS-WT-4471,PS-WT-4471,2026-08-16 06:00:00,5.724,59.16,1383.93,2.812
AST-PS-WT-4471,PS-WT-4471,2026-08-17 06:00:00,7.215,59.4,1339.07,2.712
AST-PS-WT-4471,PS-WT-4471,2026-08-18 06:00:00,7.312,60.16,1309.28,2.67
AST-PS-WT-4471,PS-WT-4471,2026-08-19 06:00:00,6.741,62.78,1458.98,2.785
AST-PS-WT-4471,PS-WT-4471,2026-08-20 06:00:00,6.891,56.68,1398.26,2.819
AST-PS-WT-4471,PS-WT-4471,2026-08-21 06:00:00,7.207,58.65,1365.61,2.615
AST-PS-WT-4471,PS-WT-4471,2026-08-22 06:00:00,7.096,63.59,1371.11,3.008
AST-PS-WT-4471,PS-WT-4471,2026-08-23 06:00:00,7.23,59.46,1424.89,2.906
AST-PS-WT-4471,PS-WT-4471,2026-08-24 06:00:00,7.978,63.46,1529.12,2.786
AST-PS-WT-4471,PS-WT-4471,2026-08-25 06:00:00,6.695,60.67,1425.09,2.835
AST-PS-WT-4471,PS-WT-4471,2026-08-26 06:00:00,7.659,65.09,1484.57,2.832
AST-PS-WT-4471,PS-WT-4471,2026-08-27 06:00:00,7.145,58.07,1381.74,2.958
AST-PS-RD-1120,PS-RD-1120,2026-07-29 06:00:00,3.098,40.26,733.64,1.217
AST-PS-RD-1120,PS-RD-1120,2026-07-30 06:00:00,3.182,36.77,697.16,1.131
AST-PS-RD-1120,PS-RD-1120,2026-07-31 06:00:00,3.903,41.3,702.74,1.314
AST-PS-RD-1120,PS-RD-1120,2026-08-01 06:00:00,3.564,39.62,726.89,1.26
AST-PS-RD-1120,PS-RD-1120,2026-08-02 06:00:00,3.928,39.31,711.88,1.244
AST-PS-RD-1120,PS-RD-1120,2026-08-03 06:00:00,3.479,42.19,752.28,1.301
AST-PS-RD-1120,PS-RD-1120,2026-08-04 06:00:00,3.231,39.68,719.93,1.42
AST-PS-RD-1120,PS-RD-1120,2026-08-05 06:00:00,3.229,41.19,665.93,1.264
AST-PS-RD-1120,PS-RD-1120,2026-08-06 06:00:00,3.357,41.19,696.37,1.244
AST-PS-RD-1120,PS-RD-1120,2026-08-07 06:00:00,2.85,40.63,693.55,1.272
AST-PS-RD-1120,PS-RD-1120,2026-08-08 06:00:00,3.364,39.42,765.69,1.275
AST-PS-RD-1120,PS-RD-1120,2026-08-09 06:00:00,4.082,43.76,751.67,1.24
AST-PS-RD-1120,PS-RD-1120,2026-08-10 06:00:00,3.749,37.67,723.17,1.339
AST-PS-RD-1120,PS-RD-1120,2026-08-11 06:00:00,3.437,41.37,723.41,1.28
AST-PS-RD-1120,PS-RD-1120,2026-08-12 06:00:00,4.073,41.81,740.83,1.319
AST-PS-RD-1120,PS-RD-1120,2026-08-13 06:00:00,3.701,43.61,717.64,1.309
AST-PS-RD-1120,PS-RD-1120,2026-08-14 06:00:00,3.784,41.96,677.9,1.343
AST-PS-RD-1120,PS-RD-1120,2026-08-15 06:00:00,3.584,41.85,704.05,1.368
AST-PS-RD-1120,PS-RD-1120,2026-08-16 06:00:00,3.476,42.93,779.57,1.43
AST-PS-RD-1120,PS-RD-1120,2026-08-17 06:00:00,3.13,43.16,709.46,1.374
AST-PS-RD-1120,PS-RD-1120,2026-08-18 06:00:00,3.618,41.4,712.67,1.466
AST-PS-RD-1120,PS-RD-1120,2026-08-19 06:00:00,3.814,41.35,740.89,1.368
AST-PS-RD-1120,PS-RD-1120,2026-08-20 06:00:00,3.837,43.03,767.68,1.296
AST-PS-RD-1120,PS-RD-1120,2026-08-21 06:00:00,3.78,42.54,708.21,1.473
AST-PS-RD-1120,PS-RD-1120,2026-08-22 06:00:00,3.719,40.54,722.38,1.399
AST-PS-RD-1120,PS-RD-1120,2026-08-23 06:00:00,3.469,41.57,726.52,1.386
AST-PS-RD-1120,PS-RD-1120,2026-08-24 06:00:00,3.839,44.45,709.69,1.348
AST-PS-RD-1120,PS-RD-1120,2026-08-25 06:00:00,3.451,43.87,730.27,1.485
AST-PS-RD-1120,PS-RD-1120,2026-08-26 06:00:00,3.668,41.34,744.8,1.512
AST-PS-RD-1120,PS-RD-1120,2026-08-27 06:00:00,3.591,44.7,728.75,1.512
AST-PS-RL-2217,PS-RL-2217,2026-07-29 06:00:00,4.361,48.81,877.18,1.684
AST-PS-RL-2217,PS-RL-2217,2026-07-30 06:00:00,4.71,46.72,859.6,1.859
AST-PS-RL-2217,PS-RL-2217,2026-07-31 06:00:00,4.549,46.24,903.52,1.88
AST-PS-RL-2217,PS-RL-2217,2026-08-01 06:00:00,4.885,46.4,963.65,1.575
AST-PS-RL-2217,PS-RL-2217,2026-08-02 06:00:00,4.536,48.59,910.85,1.76
AST-PS-RL-2217,PS-RL-2217,2026-08-03 06:00:00,4.187,43.87,908.59,1.78
AST-PS-RL-2217,PS-RL-2217,2026-08-04 06:00:00,4.053,49.89,904.18,1.765
AST-PS-RL-2217,PS-RL-2217,2026-08-05 06:00:00,4.174,47.2,816.78,1.826
AST-PS-RL-2217,PS-RL-2217,2026-08-06 06:00:00,4.239,51.03,954.47,1.917
AST-PS-RL-2217,PS-RL-2217,2026-08-07 06:00:00,4.393,48.31,944.7,1.761
AST-PS-RL-2217,PS-RL-2217,2026-08-08 06:00:00,4.853,47.26,968.4,1.895
AST-PS-RL-2217,PS-RL-2217,2026-08-09 06:00:00,4.378,46.48,846.06,1.761
AST-PS-RL-2217,PS-RL-2217,2026-08-10 06:00:00,5.01,50.43,852.16,1.909
AST-PS-RL-2217,PS-RL-2217,2026-08-11 06:00:00,4.722,52.6,863.05,1.704
AST-PS-RL-2217,PS-RL-2217,2026-08-12 06:00:00,4.673,47.64,856.45,1.742
AST-PS-RL-2217,PS-RL-2217,2026-08-13 06:00:00,5.213,47.39,973.27,1.913
AST-PS-RL-2217,PS-RL-2217,2026-08-14 06:00:00,4.69,46.64,980.67,1.892
AST-PS-RL-2217,PS-RL-2217,2026-08-15 06:00:00,4.914,52.16,939.65,1.947
AST-PS-RL-2217,PS-RL-2217,2026-08-16 06:00:00,4.513,47.47,1007.7,1.905
AST-PS-RL-2217,PS-RL-2217,2026-08-17 06:00:00,4.789,49.9,894.49,1.998
AST-PS-RL-2217,PS-RL-2217,2026-08-18 06:00:00,4.793,45.62,996.67,1.927
AST-PS-RL-2217,PS-RL-2217,2026-08-19 06:00:00,4.439,49.09,928.21,1.852
AST-PS-RL-2217,PS-RL-2217,2026-08-20 06:00:00,5.282,47.05,995.32,1.878
AST-PS-RL-2217,PS-RL-2217,2026-08-21 06:00:00,5.552,44.64,998.23,1.948
AST-PS-RL-2217,PS-RL-2217,2026-08-22 06:00:00,4.502,47.67,894.16,2.031
AST-PS-RL-2217,PS-RL-2217,2026-08-23 06:00:00,4.88,47.77,1009.88,1.96
AST-PS-RL-2217,PS-RL-2217,2026-08-24 06:00:00,4.824,50.12,1010.9,2.067
AST-PS-RL-2217,PS-RL-2217,2026-08-25 06:00:00,4.771,51.46,1019.46,1.96
AST-PS-RL-2217,PS-RL-2217,2026-08-26 06:00:00,4.63,53.4,1015.65,2.184
AST-PS-RL-2217,PS-RL-2217,2026-08-27 06:00:00,5.156,48.14,1040.11,1.999
AST-PS-RD-1088,PS-RD-1088,2026-07-29 06:00:00,1.875,27.77,315.76,0.369
AST-PS-RD-1088,PS-RD-1088,2026-07-30 06:00:00,1.851,29.33,315.3,0.379
AST-PS-RD-1088,PS-RD-1088,2026-07-31 06:00:00,2.142,28.34,356.03,0.34
AST-PS-RD-1088,PS-RD-1088,2026-08-01 06:00:00,1.972,26.65,300.42,0.361
AST-PS-RD-1088,PS-RD-1088,2026-08-02 06:00:00,1.824,28.27,322.68,0.304
AST-PS-RD-1088,PS-RD-1088,2026-08-03 06:00:00,1.876,28.51,314.8,0.25
AST-PS-RD-1088,PS-RD-1088,2026-08-04 06:00:00,1.969,29.06,279.16,0.334
AST-PS-RD-1088,PS-RD-1088,2026-08-05 06:00:00,1.922,27.2,324.5,0.293
AST-PS-RD-1088,PS-RD-1088,2026-08-06 06:00:00,1.581,32.28,342.14,0.336
AST-PS-RD-1088,PS-RD-1088,2026-08-07 06:00:00,1.75,28.65,316.57,0.335
AST-PS-RD-1088,PS-RD-1088,2026-08-08 06:00:00,2.02,28.45,314.4,0.392
AST-PS-RD-1088,PS-RD-1088,2026-08-09 06:00:00,1.687,25.45,332.25,0.357
AST-PS-RD-1088,PS-RD-1088,2026-08-10 06:00:00,1.77,28.38,314.43,0.392
AST-PS-RD-1088,PS-RD-1088,2026-08-11 06:00:00,1.881,29.41,299.16,0.341
AST-PS-RD-1088,PS-RD-1088,2026-08-12 06:00:00,2.076,29.52,318.65,0.396
AST-PS-RD-1088,PS-RD-1088,2026-08-13 06:00:00,1.728,28.31,351.75,0.387
AST-PS-RD-1088,PS-RD-1088,2026-08-14 06:00:00,2.047,27.6,302.14,0.373
AST-PS-RD-1088,PS-RD-1088,2026-08-15 06:00:00,1.715,27.57,349.13,0.381
AST-PS-RD-1088,PS-RD-1088,2026-08-16 06:00:00,1.962,28.63,299.47,0.368
AST-PS-RD-1088,PS-RD-1088,2026-08-17 06:00:00,1.714,26.51,335.83,0.345
AST-PS-RD-1088,PS-RD-1088,2026-08-18 06:00:00,1.455,25.81,279.02,0.379
AST-PS-RD-1088,PS-RD-1088,2026-08-19 06:00:00,1.898,28.67,343.3,0.33
AST-PS-RD-1088,PS-RD-1088,2026-08-20 06:00:00,1.702,29.76,330.61,0.369
AST-PS-RD-1088,PS-RD-1088,2026-08-21 06:00:00,2.123,28.29,354.66,0.405
AST-PS-RD-1088,PS-RD-1088,2026-08-22 06:00:00,1.838,31.43,359.15,0.382
AST-PS-RD-1088,PS-RD-1088,2026-08-23 06:00:00,1.853,28.52,326.01,0.332
AST-PS-RD-1088,PS-RD-1088,2026-08-24 06:00:00,2.217,31.09,341.13,0.329
AST-PS-RD-1088,PS-RD-1088,2026-08-25 06:00:00,1.944,30.27,314.67,0.383
AST-PS-RD-1088,PS-RD-1088,2026-08-26 06:00:00,1.826,28.2,314.86,0.345
AST-PS-RD-1088,PS-RD-1088,2026-08-27 06:00:00,1.64,27.04,308.38,0.385
AST-PS-PW-3355,PS-PW-3355,2026-07-29 06:00:00,2.988,33.43,558.36,0.854
AST-PS-PW-3355,PS-PW-3355,2026-07-30 06:00:00,2.968,38.1,553.34,0.931
AST-PS-PW-3355,PS-PW-3355,2026-07-31 06:00:00,2.841,36.26,561.95,0.88
AST-PS-PW-3355,PS-PW-3355,2026-08-01 06:00:00,2.631,35.95,525.98,0.989
AST-PS-PW-3355,PS-PW-3355,2026-08-02 06:00:00,2.385,37.46,554.03,0.951
AST-PS-PW-3355,PS-PW-3355,2026-08-03 06:00:00,2.92,34.19,608.84,0.966
AST-PS-PW-3355,PS-PW-3355,2026-08-04 06:00:00,3.086,40.52,545.72,1.063
AST-PS-PW-3355,PS-PW-3355,2026-08-05 06:00:00,3.03,35.37,510.89,0.931
AST-PS-PW-3355,PS-PW-3355,2026-08-06 06:00:00,3.068,36.21,552.66,0.987
AST-PS-PW-3355,PS-PW-3355,2026-08-07 06:00:00,2.899,36.45,550.46,0.934
AST-PS-PW-3355,PS-PW-3355,2026-08-08 06:00:00,3.073,36.36,540.09,0.881
AST-PS-PW-3355,PS-PW-3355,2026-08-09 06:00:00,3.094,37.88,572.19,0.913
AST-PS-PW-3355,PS-PW-3355,2026-08-10 06:00:00,3.102,37.31,533.5,1.065
AST-PS-PW-3355,PS-PW-3355,2026-08-11 06:00:00,3.366,38.11,489.46,0.933
AST-PS-PW-3355,PS-PW-3355,2026-08-12 06:00:00,2.858,37.87,573.24,1.011
AST-PS-PW-3355,PS-PW-3355,2026-08-13 06:00:00,2.96,38.04,548.42,0.97
AST-PS-PW-3355,PS-PW-3355,2026-08-14 06:00:00,2.922,38.02,557.0,0.972
AST-PS-PW-3355,PS-PW-3355,2026-08-15 06:00:00,3.19,36.64,628.14,0.938
AST-PS-PW-3355,PS-PW-3355,2026-08-16 06:00:00,3.13,34.2,556.89,1.087
AST-PS-PW-3355,PS-PW-3355,2026-08-17 06:00:00,3.17,34.35,582.89,1.147
AST-PS-PW-3355,PS-PW-3355,2026-08-18 06:00:00,2.755,36.7,617.98,0.959
AST-PS-PW-3355,PS-PW-3355,2026-08-19 06:00:00,3.034,37.15,550.14,1.02
AST-PS-PW-3355,PS-PW-3355,2026-08-20 06:00:00,2.765,37.52,565.49,1.065
AST-PS-PW-3355,PS-PW-3355,2026-08-21 06:00:00,3.257,37.42,625.62,1.067
AST-PS-PW-3355,PS-PW-3355,2026-08-22 06:00:00,2.953,36.48,594.8,1.114
AST-PS-PW-3355,PS-PW-3355,2026-08-23 06:00:00,3.26,37.87,587.18,1.153
AST-PS-PW-3355,PS-PW-3355,2026-08-24 06:00:00,2.888,39.12,565.06,1.045
AST-PS-PW-3355,PS-PW-3355,2026-08-25 06:00:00,3.147,39.71,612.21,1.045
AST-PS-PW-3355,PS-PW-3355,2026-08-26 06:00:00,3.612,37.22,622.51,1.091
AST-PS-PW-3355,PS-PW-3355,2026-08-27 06:00:00,2.879,38.95,589.99,1.087
AST-PS-RL-2502,PS-RL-2502,2026-07-29 06:00:00,4.302,45.49,899.91,1.536
AST-PS-RL-2502,PS-RL-2502,2026-07-30 06:00:00,4.391,49.3,821.27,1.658
AST-PS-RL-2502,PS-RL-2502,2026-07-31 06:00:00,4.658,43.47,893.79,1.571
AST-PS-RL-2502,PS-RL-2502,2026-08-01 06:00:00,4.001,47.26,866.03,1.741
AST-PS-RL-2502,PS-RL-2502,2026-08-02 06:00:00,3.991,43.89,781.47,1.735
AST-PS-RL-2502,PS-RL-2502,2026-08-03 06:00:00,4.196,46.59,874.42,1.836
AST-PS-RL-2502,PS-RL-2502,2026-08-04 06:00:00,3.995,42.45,848.33,1.68
AST-PS-RL-2502,PS-RL-2502,2026-08-05 06:00:00,4.232,47.01,896.09,1.675
AST-PS-RL-2502,PS-RL-2502,2026-08-06 06:00:00,4.305,46.46,901.54,1.791
AST-PS-RL-2502,PS-RL-2502,2026-08-07 06:00:00,4.84,45.27,828.77,1.761
AST-PS-RL-2502,PS-RL-2502,2026-08-08 06:00:00,4.526,49.97,922.76,1.685
AST-PS-RL-2502,PS-RL-2502,2026-08-09 06:00:00,4.42,47.29,843.34,1.697
AST-PS-RL-2502,PS-RL-2502,2026-08-10 06:00:00,4.058,47.91,883.0,1.759
AST-PS-RL-2502,PS-RL-2502,2026-08-11 06:00:00,4.683,49.43,889.8,1.78
AST-PS-RL-2502,PS-RL-2502,2026-08-12 06:00:00,4.634,50.11,934.98,1.855
AST-PS-RL-2502,PS-RL-2502,2026-08-13 06:00:00,4.211,44.92,912.97,1.928
AST-PS-RL-2502,PS-RL-2502,2026-08-14 06:00:00,4.312,47.82,1013.17,1.887
AST-PS-RL-2502,PS-RL-2502,2026-08-15 06:00:00,4.698,45.99,923.38,1.808
AST-PS-RL-2502,PS-RL-2502,2026-08-16 06:00:00,5.041,50.34,867.8,1.914
AST-PS-RL-2502,PS-RL-2502,2026-08-17 06:00:00,4.429,48.41,895.21,1.719
AST-PS-RL-2502,PS-RL-2502,2026-08-18 06:00:00,4.252,45.17,963.01,1.983
AST-PS-RL-2502,PS-RL-2502,2026-08-19 06:00:00,5.147,51.68,922.5,1.85
AST-PS-RL-2502,PS-RL-2502,2026-08-20 06:00:00,4.778,48.51,970.41,1.995
AST-PS-RL-2502,PS-RL-2502,2026-08-21 06:00:00,4.592,47.9,1022.07,1.935
AST-PS-RL-2502,PS-RL-2502,2026-08-22 06:00:00,4.49,50.27,952.79,1.895
AST-PS-RL-2502,PS-RL-2502,2026-08-23 06:00:00,5.537,47.29,967.96,1.844
AST-PS-RL-2502,PS-RL-2502,2026-08-24 06:00:00,5.008,47.23,936.09,1.836
AST-PS-RL-2502,PS-RL-2502,2026-08-25 06:00:00,4.842,49.13,916.49,1.936
AST-PS-RL-2502,PS-RL-2502,2026-08-26 06:00:00,5.123,50.2,940.83,1.962
AST-PS-RL-2502,PS-RL-2502,2026-08-27 06:00:00,4.894,48.87,981.53,2.137
AST-PS-RL-2401,PS-RL-2401,2026-07-29 06:00:00,5.178,52.76,1050.3,2.468
AST-PS-RL-2401,PS-RL-2401,2026-07-30 06:00:00,5.368,53.33,1070.55,2.436
AST-PS-RL-2401,PS-RL-2401,2026-07-31 06:00:00,5.214,56.17,1199.75,2.248
AST-PS-RL-2401,PS-RL-2401,2026-08-01 06:00:00,5.843,52.18,1147.55,2.411
AST-PS-RL-2401,PS-RL-2401,2026-08-02 06:00:00,6.193,57.08,1183.5,2.376
AST-PS-RL-2401,PS-RL-2401,2026-08-03 06:00:00,5.427,52.28,1241.6,2.418
AST-PS-RL-2401,PS-RL-2401,2026-08-04 06:00:00,5.957,56.13,1155.51,2.392
AST-PS-RL-2401,PS-RL-2401,2026-08-05 06:00:00,6.428,59.81,1115.37,2.423
AST-PS-RL-2401,PS-RL-2401,2026-08-06 06:00:00,5.738,57.4,1200.64,2.511
AST-PS-RL-2401,PS-RL-2401,2026-08-07 06:00:00,5.246,56.79,1205.71,2.631
AST-PS-RL-2401,PS-RL-2401,2026-08-08 06:00:00,6.122,61.49,1210.52,2.523
AST-PS-RL-2401,PS-RL-2401,2026-08-09 06:00:00,6.542,57.49,1297.56,2.492
AST-PS-RL-2401,PS-RL-2401,2026-08-10 06:00:00,5.882,57.04,1273.75,2.613
AST-PS-RL-2401,PS-RL-2401,2026-08-11 06:00:00,6.282,60.62,1173.03,2.585
AST-PS-RL-2401,PS-RL-2401,2026-08-12 06:00:00,6.057,57.6,1413.13,2.541
AST-PS-RL-2401,PS-RL-2401,2026-08-13 06:00:00,7.156,53.53,1299.15,2.685
AST-PS-RL-2401,PS-RL-2401,2026-08-14 06:00:00,6.402,59.28,1315.86,2.717
AST-PS-RL-2401,PS-RL-2401,2026-08-15 06:00:00,6.611,59.28,1278.61,2.842
AST-PS-RL-2401,PS-RL-2401,2026-08-16 06:00:00,6.464,56.73,1332.41,2.758
AST-PS-RL-2401,PS-RL-2401,2026-08-17 06:00:00,6.204,59.68,1391.88,2.807
AST-PS-RL-2401,PS-RL-2401,2026-08-18 06:00:00,5.921,58.16,1242.01,2.693
AST-PS-RL-2401,PS-RL-2401,2026-08-19 06:00:00,6.574,56.81,1325.88,2.719
AST-PS-RL-2401,PS-RL-2401,2026-08-20 06:00:00,6.715,59.84,1354.27,2.539
AST-PS-RL-2401,PS-RL-2401,2026-08-21 06:00:00,7.075,60.21,1332.37,2.714
AST-PS-RL-2401,PS-RL-2401,2026-08-22 06:00:00,6.66,60.22,1420.13,2.878
AST-PS-RL-2401,PS-RL-2401,2026-08-23 06:00:00,6.469,61.84,1340.34,2.751
AST-PS-RL-2401,PS-RL-2401,2026-08-24 06:00:00,7.804,56.99,1386.0,2.693
AST-PS-RL-2401,PS-RL-2401,2026-08-25 06:00:00,6.872,55.52,1371.34,2.93
AST-PS-RL-2401,PS-RL-2401,2026-08-26 06:00:00,6.761,55.08,1341.79,2.845
AST-PS-RL-2401,PS-RL-2401,2026-08-27 06:00:00,7.128,63.01,1410.87,2.669
AST-PS-PW-3390,PS-PW-3390,2026-07-29 06:00:00,5.448,62.62,1209.0,2.346
AST-PS-PW-3390,PS-PW-3390,2026-07-30 06:00:00,5.945,58.75,1248.35,2.704
AST-PS-PW-3390,PS-PW-3390,2026-07-31 06:00:00,5.76,57.04,1193.91,2.629
AST-PS-PW-3390,PS-PW-3390,2026-08-01 06:00:00,5.407,54.93,1194.06,2.412
AST-PS-PW-3390,PS-PW-3390,2026-08-02 06:00:00,5.017,56.03,1135.49,2.405
AST-PS-PW-3390,PS-PW-3390,2026-08-03 06:00:00,5.987,62.26,1254.58,2.453
AST-PS-PW-3390,PS-PW-3390,2026-08-04 06:00:00,6.444,60.35,1279.47,2.459
AST-PS-PW-3390,PS-PW-3390,2026-08-05 06:00:00,6.328,57.07,1285.38,2.689
AST-PS-PW-3390,PS-PW-3390,2026-08-06 06:00:00,5.844,62.08,1120.18,2.783
AST-PS-PW-3390,PS-PW-3390,2026-08-07 06:00:00,6.031,57.73,1233.95,2.668
AST-PS-PW-3390,PS-PW-3390,2026-08-08 06:00:00,6.286,58.56,1307.49,2.59
AST-PS-PW-3390,PS-PW-3390,2026-08-09 06:00:00,6.792,59.72,1335.17,2.783
AST-PS-PW-3390,PS-PW-3390,2026-08-10 06:00:00,5.654,60.01,1265.98,2.733
AST-PS-PW-3390,PS-PW-3390,2026-08-11 06:00:00,6.972,54.34,1207.06,2.869
AST-PS-PW-3390,PS-PW-3390,2026-08-12 06:00:00,6.91,64.73,1224.78,2.806
AST-PS-PW-3390,PS-PW-3390,2026-08-13 06:00:00,6.43,61.78,1441.17,2.893
AST-PS-PW-3390,PS-PW-3390,2026-08-14 06:00:00,6.643,64.66,1458.5,2.81
AST-PS-PW-3390,PS-PW-3390,2026-08-15 06:00:00,7.734,63.08,1435.61,2.738
AST-PS-PW-3390,PS-PW-3390,2026-08-16 06:00:00,6.635,63.51,1424.69,2.943
AST-PS-PW-3390,PS-PW-3390,2026-08-17 06:00:00,7.073,58.87,1362.26,2.768
AST-PS-PW-3390,PS-PW-3390,2026-08-18 06:00:00,6.188,59.28,1360.5,2.74
AST-PS-PW-3390,PS-PW-3390,2026-08-19 06:00:00,7.007,60.67,1420.4,2.772
AST-PS-PW-3390,PS-PW-3390,2026-08-20 06:00:00,7.002,61.54,1482.2,2.808
AST-PS-PW-3390,PS-PW-3390,2026-08-21 06:00:00,6.845,62.22,1465.92,3.197
AST-PS-PW-3390,PS-PW-3390,2026-08-22 06:00:00,7.001,59.58,1386.67,2.824
AST-PS-PW-3390,PS-PW-3390,2026-08-23 06:00:00,6.927,63.66,1351.98,2.782
AST-PS-PW-3390,PS-PW-3390,2026-08-24 06:00:00,6.393,63.65,1495.11,3.108
AST-PS-PW-3390,PS-PW-3390,2026-08-25 06:00:00,7.445,60.68,1469.04,2.949
AST-PS-PW-3390,PS-PW-3390,2026-08-26 06:00:00,6.813,65.1,1400.2,2.922
AST-PS-PW-3390,PS-PW-3390,2026-08-27 06:00:00,7.543,64.02,1493.22,3.014
